{"cameraMode":{"drawMode":0,"name":"Shaded","section":"Shading Mode"},"sceneLighting":true,"audioPlay":false,"sceneViewState":{"showFog":true,"showMaterialUpdate":false,"showSkybox":true,"showFlares":true,"showImageEffects":true,"showParticleSystems":true},"in2DMode":false,"pivot":{"x":16.324682235717775,"y":-0.31934499740600588,"z":0.3179285526275635},"rotation":{"x":0.7629554867744446,"y":-0.03288840875029564,"z":0.0389372818171978,"w":0.6444387435913086},"size":14.537022590637207,"orthographic":false}